id,name,lastname,price,flycode,typePassenger,statusFlight
1,Lou,González,10000.000000,BA2491A,0,4272441
2,Ulrike,Muñoz,25000.000000,IB0800A,0,4272176
3,Brade,Rojas,20000.000000,MM0987B,0,4339512
4,Kimbell,Díaz,50000.000000,BA2491A,0,4272441
5,Sheelagh,Pérez,18000.000000,IB0800A,0,4272176
6,Gayle,Soto,30000.000000,MM0987B,0,4339512
7,Kimberlee,Contreras,33000.000000,BA2491A,0,4272441
8,Henrieta,Silva,30000.000000,IB0800A,0,4272176
9,Jeanine,Martínez,18000.000000,MM0987B,0,4339512
10,Aggie,Sepúlveda,15000.000000,BA2491A,0,4272441
11,Brandea,Morales,15000.000000,IB0800A,0,4272176
12,Cordelie,Rodríguez,50000.000000,IB0800A,0,4272176
13,Shel,López,50000.000000,MM0987B,0,4339512
14,Bronnie,Fuentes,20000.000000,MM0987B,0,4339512
15,Megen,Hernández,10000.000000,BA2491A,0,4272441
16,Iver,Torres,12000.000000,BA2491A,0,4272441
17,Ernesta,Araya,37000.000000,BA2491A,0,4272441
18,Cirillo,Flores,50000.000000,MM0987B,0,4339512
19,Park,Espinoza,30000.000000,MM0987B,0,4339512
20,Bellanca,Valenzuela,15000.000000,BA2491A,0,4272441
21,Bobbye,Castillo,15000.000000,BA2491A,0,4272441
22,Eugene,Tapia,50000.000000,BA2491A,0,4272441
23,Johnny,Reyes,33000.000000,MM0987B,0,4339512
24,Reagen,Gutiérrez,42000.000000,MM0987B,0,4339512
25,Braden,Castro,25000.000000,MM0987B,0,4339512
26,Karim,Pizarro,25000.000000,MM0987B,0,4339512
27,Anthea,Álvarez,42000.000000,MM0987B,0,4339512
28,Doro,Vásquez,33000.000000,IB0800A,0,4272176
29,Gaye,Sánchez,37000.000000,IB0800A,0,4272176
30,Toby,Fernández,15000.000000,IB0800A,0,4272176
31,Franny,Ramírez,15000.000000,IB0800A,0,4272176
32,Katey,Carrasco,42000.000000,MM0987B,0,4339512
33,Earle,Gómez,10000.000000,BA2491A,0,4272441
34,Redd,Cortés,42000.000000,BA2491A,0,4272441
35,Jehanna,Herrera,50000.000000,BA2491A,0,4272441
36,Cristie,Núñez,10000.000000,BA2491A,0,4272441
37,Stefa,Jara,42000.000000,BA2491A,0,4272441
38,Roda,Vergara,25000.000000,MM0987B,0,4339512
39,Alfredo,Rivera,10000.000000,MM0987B,0,4339512
40,Sydney,Figueroa,10000.000000,MM0987B,0,4339512
41,Brnaba,Riquelme,30000.000000,MM0987B,0,4339512
42,Ame,García,50000.000000,BA2491A,0,4272441
43,Bradney,Miranda,25000.000000,BA2491A,0,4272441
44,Margarete,Bravo,50000.000000,BA2491A,0,4272441
45,Nikoletta,Vera,50000.000000,MM0987B,0,4339512
46,Lonnard,Molina,50000.000000,IB0800A,0,4272176
47,Raine,Vega,30000.000000,IB0800A,0,4272176
48,Noella,Campos,15000.000000,IB0800A,0,4272176
49,Dagmar,Sandoval,25000.000000,IB0800A,0,4272176
50,Carroll,Orellana,42000.000000,IB0800A,0,4272176
51,Marion,Cárdenas,50000.000000,IB0800A,0,4272176
52,Carline,Olivares,12000.000000,IB0800A,0,4272176
53,Hyacinthie,Alarcón,15000.000000,MM0987B,0,4339512
54,Julina,Gallardo,33000.000000,MM0987B,0,4339512
55,Corina,Ortiz,37000.000000,MM0987B,0,4339512
56,Bernardine,Garrido,33000.000000,MM0987B,0,4339512
57,Homer,Salazar,18000.000000,MM0987B,0,4339512
58,Lianna,Guzmán,12000.000000,MM0987B,0,4339512
59,Celene,Henríquez,50000.000000,MM0987B,0,4339512
60,Kori,Saavedra,50000.000000,MM0987B,0,4339512
61,Deeyn,Navarro,20000.000000,MM0987B,0,4339512
62,Marysa,Aguilera,20000.000000,MM0987B,0,4339512
63,Loy,Parra,15000.000000,MM0987B,0,4339512
64,Gabbey,Romero,37000.000000,MM0987B,0,4339512
65,Star,Aravena,33000.000000,MM0987B,0,4339512
66,Dominica,Vargas,33000.000000,IB0800A,0,4272176
67,Blanch,Vázquez,15000.000000,IB0800A,0,4272176
68,Cristobal,Cáceres,15000.000000,IB0800A,0,4272176
69,Paulita,Yáñez,50000.000000,IB0800A,0,4272176
70,Sayre,Leiva,33000.000000,IB0800A,0,4272176
71,Shaughn,Escobar,15000.000000,IB0800A,0,4272176
72,Katrine,Ruiz,25000.000000,IB0800A,0,4272176
73,Cristi,Valdés,42000.000000,IB0800A,0,4272176
74,Cristie,Vidal,25000.000000,IB0800A,0,4272176
75,Solomon,Salinas,10000.000000,IB0800A,0,4272176
76,Nananne,Zúñiga,33000.000000,IB0800A,0,4272176
77,Sacha,Peña,25000.000000,IB0800A,0,4272176
78,Morse,Godoy,25000.000000,IB0800A,0,4272176
79,Roland,Lagos,25000.000000,IB0800A,0,4272176
80,Jesselyn,Maldonado,30000.000000,IB0800A,0,4272176
81,Kylila,Bustos,12000.000000,IB0800A,0,4272176
82,Kendre,Medina,25000.000000,IB0800A,0,4272176
83,Lesya,Pino,15000.000000,IB0800A,0,4272176
84,Tatiania,Palma,20000.000000,IB0800A,0,4272176
85,Trenton,Moreno,12000.000000,IB0800A,0,4272176
86,Angie,Sanhueza,20000.000000,MM0987B,0,4339512
87,Joelle,Carvajal,37000.000000,MM0987B,0,4339512
88,George,Navarrete,30000.000000,MM0987B,0,4339512
89,Guenevere,Sáez,30000.000000,MM0987B,0,4339512
90,Margaretha,Alvarado,10000.000000,MM0987B,0,4339512
91,Sully,Donoso,15000.000000,MM0987B,0,4339512
92,Lonni,Poblete,50000.000000,MM0987B,0,4339512
93,Nicky,Bustamante,42000.000000,MM0987B,0,4339512
94,My,Toro,18000.000000,MM0987B,0,4339512
95,Kyrstin,Ortega,37000.000000,IB0800A,0,4272176
96,Martino,Venegas,15000.000000,IB0800A,0,4272176
97,Marcellus,Guerrero,50000.000000,IB0800A,0,4272176
98,Jacquelin,Mendoza,30000.000000,IB0800A,0,4272176
99,Aleda,Farías,50000.000000,IB0800A,0,4272176
100,Georgeta,San Martín,10000.000000,IB0800A,0,4272176
101,Marcille,González,10000.000000,IB0800A,0,4272176
102,Ertha,Fernández,10000.000000,IB0800A,0,4272176
103,Desiri,Rodríguez,25000.000000,MM0987B,0,4339512
104,Geneva,López,33000.000000,MM0987B,0,4339512
105,Kilian,Martínez,42000.000000,MM0987B,0,4339512
106,Nance,Sánchez,10000.000000,MM0987B,0,4339512
107,Gaven,Pérez,10000.000000,MM0987B,0,4339512
108,Carlie,Gómez,10000.000000,MM0987B,0,4339512
109,Trixie,Martín,42000.000000,IB0800A,0,4272176
110,Dominick,Jiménez,30000.000000,IB0800A,0,4272176
111,Petey,Ruiz,15000.000000,IB0800A,0,4272176
112,Tersina,Hernández,30000.000000,IB0800A,0,4272176
113,Johnathon,Díaz,15000.000000,IB0800A,0,4272176
114,Freddie,Moreno,12000.000000,IB0800A,0,4272176
115,Harmon,Álvarez,50000.000000,IB0800A,0,4272176
116,Tracey,Muñoz,20000.000000,IB0800A,0,4272176
117,Cherrita,Romero,33000.000000,MM0987B,0,4339512
118,Stu,Alonso,12000.000000,MM0987B,0,4339512
119,Glenda,Gutiérrez,37000.000000,MM0987B,0,4339512
120,Lorettalorna,Navarro,25000.000000,MM0987B,0,4339512
121,Patrizio,Torres,15000.000000,IB0800A,0,4272176
122,Linda,Domínguez,30000.000000,IB0800A,0,4272176
123,Pippa,Vázquez,20000.000000,IB0800A,0,4272176
124,Pen,Ramos,18000.000000,IB0800A,0,4272176
125,Esteban,González,15000.000000,IB0800A,0,4272176
126,Fonzie,Muñoz,15000.000000,IB0800A,0,4272176
127,Cindelyn,Rojas,12000.000000,IB0800A,0,4272176
128,Zacharie,Díaz,30000.000000,BA2491A,0,4272441
129,Vina,Pérez,42000.000000,BA2491A,0,4272441
130,Omero,Soto,10000.000000,BA2491A,0,4272441
131,Tom,Contreras,33000.000000,BA2491A,0,4272441
132,Dante,Silva,30000.000000,BA2491A,0,4272441
133,Cordy,Martínez,18000.000000,BA2491A,0,4272441
134,Stephenie,Sepúlveda,50000.000000,BA2491A,0,4272441
135,Dunstan,Morales,20000.000000,BA2491A,0,4272441
136,Gideon,Rodríguez,15000.000000,BA2491A,0,4272441
137,Johnette,López,10000.000000,BA2491A,0,4272441
138,Brynn,Fuentes,50000.000000,BA2491A,0,4272441
139,Yankee,Hernández,42000.000000,BA2491A,0,4272441
140,Corbin,Torres,42000.000000,BA2491A,0,4272441
141,Coreen,Araya,18000.000000,IB0800A,0,4272176
142,Tanya,Flores,30000.000000,IB0800A,0,4272176
143,Jenna,Espinoza,25000.000000,IB0800A,0,4272176
144,Flora,Valenzuela,33000.000000,IB0800A,0,4272176
145,Dianna,Castillo,20000.000000,IB0800A,0,4272176
146,Armand,Tapia,15000.000000,IB0800A,0,4272176
147,Gustie,Reyes,42000.000000,IB0800A,0,4272176
148,Benton,Gutiérrez,12000.000000,IB0800A,0,4272176
149,Lena,Castro,25000.000000,IB0800A,0,4272176
150,Dot,Pizarro,18000.000000,IB0800A,0,4272176
151,Meryl,Álvarez,12000.000000,IB0800A,0,4272176
152,Babbie,Vásquez,15000.000000,IB0800A,0,4272176
153,Byram,Sánchez,42000.000000,IB0800A,0,4272176
154,Bertine,Fernández,25000.000000,IB0800A,0,4272176
155,Osbert,Ramírez,42000.000000,IB0800A,0,4272176
156,Tanny,Carrasco,42000.000000,IB0800A,0,4272176
157,Maryjo,Gómez,12000.000000,IB0800A,0,4272176
158,Clarie,Cortés,42000.000000,IB0800A,0,4272176
159,Kipp,Herrera,15000.000000,IB0800A,0,4272176
160,Leonie,Núñez,50000.000000,IB0800A,0,4272176
161,Ferdie,Jara,15000.000000,IB0800A,0,4272176
162,Ofella,Vergara,50000.000000,IB0800A,0,4272176
163,Pascale,Rivera,15000.000000,IB0800A,0,4272176
164,Cathrin,Figueroa,30000.000000,IB0800A,0,4272176
165,Sib,Riquelme,33000.000000,IB0800A,0,4272176
166,Darleen,García,42000.000000,IB0800A,0,4272176
167,Didi,Miranda,15000.000000,IB0800A,0,4272176
168,Lodovico,Bravo,18000.000000,IB0800A,0,4272176
169,Farley,Vera,12000.000000,IB0800A,0,4272176
170,Devi,Molina,25000.000000,IB0800A,0,4272176
171,Clair,Vega,37000.000000,IB0800A,0,4272176
172,Addy,Campos,33000.000000,IB0800A,0,4272176
173,Brandon,Sandoval,18000.000000,IB0800A,0,4272176
174,Prentiss,Orellana,30000.000000,IB0800A,0,4272176
175,Lorant,Cárdenas,50000.000000,MM0987B,0,4339512
176,Wanids,Olivares,30000.000000,MM0987B,0,4339512
177,Robbi,Alarcón,10000.000000,MM0987B,0,4339512
178,Mellicent,Gallardo,50000.000000,MM0987B,0,4339512
179,Lynea,Ortiz,20000.000000,MM0987B,0,4339512
180,Nial,Garrido,15000.000000,MM0987B,0,4339512
181,Guillaume,Salazar,37000.000000,MM0987B,0,4339512
182,Loutitia,Guzmán,25000.000000,MM0987B,0,4339512
183,Ruthe,Henríquez,30000.000000,MM0987B,0,4339512
184,Eric,Saavedra,50000.000000,MM0987B,0,4339512
185,Marcellus,Navarro,30000.000000,MM0987B,0,4339512
186,Ian,Aguilera,42000.000000,MM0987B,0,4339512
187,Sebastien,Parra,37000.000000,MM0987B,0,4339512
188,Scarface,Romero,50000.000000,MM0987B,0,4339512
189,Maible,Aravena,18000.000000,MM0987B,0,4339512
190,Waldon,Vargas,30000.000000,MM0987B,0,4339512
191,Bethina,Vázquez,15000.000000,MM0987B,0,4339512
192,Farand,Cáceres,42000.000000,MM0987B,0,4339512
193,Zolly,Yáñez,25000.000000,MM0987B,0,4339512
194,Philipa,Leiva,42000.000000,TU6789B,0,4340024
195,Roderigo,Escobar,20000.000000,BA2491A,0,4272441
196,Otho,Ruiz,20000.000000,BA2491A,0,4272441
197,Alasteir,Valdés,20000.000000,BA2491A,0,4272441
198,Eleonora,Vidal,42000.000000,BA2491A,0,4272441
199,Eliot,Salinas,12000.000000,BA2491A,0,4272441
200,Alana,Zúñiga,30000.000000,BA2491A,0,4272441
201,Odey,Peña,20000.000000,BA2491A,0,4272441
202,Yorke,Godoy,15000.000000,BA2491A,0,4272441
203,Cissiee,Lagos,18000.000000,BA2491A,0,4272441
204,Jillana,Maldonado,18000.000000,BA2491A,0,4272441
205,Mallorie,Bustos,30000.000000,TU6789B,0,4340024
206,Borden,Medina,12000.000000,TU6789B,0,4340024
207,Maddie,Pino,33000.000000,TU6789B,0,4340024
208,Weider,Palma,50000.000000,TU6789B,0,4340024
209,Asia,Moreno,37000.000000,TU6789B,0,4340024
210,Sayres,Sanhueza,10000.000000,TU6789B,0,4340024
211,Marcile,Carvajal,30000.000000,TU6789B,0,4340024
212,Thomasina,Navarrete,42000.000000,TU6789B,0,4340024
213,Darwin,Sáez,18000.000000,TU6789B,0,4340024
214,Nicolina,Alvarado,30000.000000,TU6789B,0,4340024
215,Nita,Donoso,12000.000000,TU6789B,0,4340024
216,Nikoletta,Poblete,12000.000000,TU6789B,0,4340024
217,Dwight,Bustamante,42000.000000,TU6789B,0,4340024
218,Romola,Toro,50000.000000,TU6789B,0,4340024
219,Kaile,Ortega,33000.000000,TU6789B,0,4340024
220,Mozes,Venegas,25000.000000,TU6789B,0,4340024
221,Aylmer,Guerrero,33000.000000,TU6789B,0,4340024
222,Marina,Mendoza,12000.000000,TU6789B,0,4340024
223,Enrico,Farías,50000.000000,TU6789B,0,4340024
224,Zonda,San Martín,33000.000000,TU6789B,0,4340024
225,Adriano,González,33000.000000,TU6789B,0,4340024
226,Trula,Fernández,30000.000000,TU6789B,0,4340024
227,Adel,Rodríguez,30000.000000,TU6789B,0,4340024
228,Jeniece,López,15000.000000,TU6789B,0,4340024
229,Tabina,Martínez,10000.000000,TU6789B,0,4340024
230,Liana,Sánchez,33000.000000,TU6789B,0,4340024
231,Marmaduke,Pérez,10000.000000,BA2491A,0,4272441
232,Alla,Gómez,30000.000000,BA2491A,0,4272441
233,Peter,Martín,12000.000000,BA2491A,0,4272441
234,Pietro,Jiménez,18000.000000,BA2491A,0,4272441
235,Hiram,Ruiz,20000.000000,BA2491A,0,4272441
236,Anastasia,Hernández,18000.000000,BA2491A,0,4272441
237,Cathleen,Díaz,10000.000000,TU6789B,0,4340024
238,Leeanne,Moreno,15000.000000,TU6789B,0,4340024
239,Chet,Álvarez,42000.000000,TU6789B,0,4340024
240,Billie,Muñoz,37000.000000,TU6789B,0,4340024
241,Alexandra,Romero,42000.000000,TU6789B,0,4340024
242,Broddie,Alonso,42000.000000,TU6789B,0,4340024
243,Brigham,Gutiérrez,25000.000000,TU6789B,0,4340024
244,Cal,Navarro,42000.000000,TU6789B,0,4340024
245,Donal,Torres,18000.000000,TU6789B,0,4340024
246,Adam,Domínguez,20000.000000,TU6789B,0,4340024
247,Dotty,Vázquez,42000.000000,TU6789B,0,4340024
248,Maynard,Ramos,18000.000000,TU6789B,0,4340024
249,Jessee,González,30000.000000,TU6789B,0,4340024
250,Tiphani,Muñoz,42000.000000,TU6789B,0,4340024
251,Jenna,Rojas,30000.000000,TU6789B,0,4340024
252,Karlotte,Díaz,20000.000000,BA2491A,0,4272441
253,Norene,Pérez,25000.000000,BA2491A,0,4272441
254,Morris,Soto,10000.000000,BA2491A,0,4272441
255,Yuri,Contreras,25000.000000,BA2491A,0,4272441
256,Gusty,Silva,10000.000000,BA2491A,0,4272441
257,Jori,Martínez,12000.000000,BA2491A,0,4272441
258,Sydelle,Sepúlveda,30000.000000,BA2491A,0,4272441
259,Merrile,Morales,50000.000000,BA2491A,0,4272441
260,Tadd,Rodríguez,50000.000000,TU6789B,0,4340024
261,Josiah,López,10000.000000,TU6789B,0,4340024
262,Melisa,Fuentes,12000.000000,TU6789B,0,4340024
263,Orelee,Hernández,20000.000000,TU6789B,0,4340024
264,Stephen,Torres,37000.000000,TU6789B,0,4340024
265,Blair,Araya,50000.000000,TU6789B,0,4340024
266,Arel,Flores,30000.000000,TU6789B,0,4340024
267,Abbie,Espinoza,25000.000000,TU6789B,0,4340024
268,Channa,Valenzuela,50000.000000,TU6789B,0,4340024
269,Shirl,Castillo,20000.000000,TU6789B,0,4340024
270,Edlin,Tapia,20000.000000,TU6789B,0,4340024
271,Larina,Reyes,18000.000000,TU6789B,0,4340024
272,Duncan,Gutiérrez,37000.000000,TU6789B,0,4340024
273,Bond,Castro,10000.000000,TU6789B,0,4340024
274,Dyann,Pizarro,50000.000000,TU6789B,0,4340024
275,Charmian,Álvarez,15000.000000,TU6789B,0,4340024
276,Dru,Vásquez,50000.000000,TU6789B,0,4340024
277,Kiel,Sánchez,50000.000000,TU6789B,0,4340024
278,Emory,Fernández,15000.000000,TU6789B,0,4340024
279,Alberik,Ramírez,50000.000000,TU6789B,0,4340024
280,Koenraad,Carrasco,20000.000000,TU6789B,0,4340024
281,Rafaellle,Gómez,50000.000000,TU6789B,0,4340024
282,Edie,Cortés,25000.000000,TU6789B,0,4340024
283,Osbert,Herrera,15000.000000,TU6789B,0,4340024
284,Sidonia,Núñez,10000.000000,TU6789B,0,4340024
285,Bartel,Jara,37000.000000,TU6789B,0,4340024
286,Jodi,Vergara,30000.000000,BA2491A,0,4272441
287,Ofelia,Rivera,30000.000000,BA2491A,0,4272441
288,Dudley,Figueroa,42000.000000,BA2491A,0,4272441
289,Dulcea,Riquelme,25000.000000,BA2491A,0,4272441
290,Gordon,García,25000.000000,BA2491A,0,4272441
291,Chalmers,Miranda,10000.000000,BA2491A,0,4272441
292,Christiano,Bravo,50000.000000,BA2491A,0,4272441
293,Russell,Vera,50000.000000,BA2491A,0,4272441
294,Cleo,Molina,50000.000000,BA2491A,0,4272441
295,Catriona,Vega,42000.000000,TU6789B,0,4340024
296,Leigh,Campos,37000.000000,TU6789B,0,4340024
297,Ddene,Sandoval,12000.000000,TU6789B,0,4340024
298,Sayre,Orellana,18000.000000,TU6789B,0,4340024
299,Jody,Cárdenas,33000.000000,TU6789B,0,4340024
300,Zabrina,Olivares,12000.000000,TU6789B,0,4340024
301,Cos,Alarcón,30000.000000,TU6789B,0,4340024
302,Ron,Gallardo,20000.000000,TU6789B,0,4340024
303,Charin,Ortiz,12000.000000,TU6789B,0,4340024
304,Coleman,Garrido,33000.000000,TU6789B,0,4340024
305,Jacinda,Salazar,50000.000000,TU6789B,0,4340024
306,Silvan,Guzmán,12000.000000,TU6789B,0,4340024
307,Renie,Henríquez,33000.000000,TU6789B,0,4340024
308,Davide,Saavedra,42000.000000,TU6789B,0,4340024
309,Ernestus,Navarro,12000.000000,TU6789B,0,4340024
310,Brnaba,Aguilera,37000.000000,TU6789B,0,4340024
311,Tabor,Parra,37000.000000,TU6789B,0,4340024
312,Lenci,Romero,42000.000000,TU6789B,0,4340024
313,Franchot,Aravena,12000.000000,TU6789B,0,4340024
314,Charisse,Vargas,50000.000000,TU6789B,0,4340024
315,Timothea,Vázquez,20000.000000,TU6789B,0,4340024
316,Angelika,Cáceres,50000.000000,BA2491A,0,4272441
317,Web,Yáñez,37000.000000,BA2491A,0,4272441
318,Urban,Leiva,10000.000000,BA2491A,0,4272441
319,Fan,Escobar,18000.000000,BA2491A,0,4272441
320,Donaugh,Ruiz,12000.000000,BA2491A,0,4272441
321,Wilona,Valdés,25000.000000,BA2491A,0,4272441
322,Richard,Vidal,42000.000000,BA2491A,0,4272441
323,Hilary,Salinas,37000.000000,BA2491A,0,4272441
324,Ad,Zúñiga,33000.000000,BA2491A,0,4272441
325,Maynord,Peña,42000.000000,BA2491A,0,4272441
326,Lina,Godoy,12000.000000,TU6789B,0,4340024
327,Nerty,Lagos,20000.000000,TU6789B,0,4340024
328,Matias,Maldonado,33000.000000,TU6789B,0,4340024
329,Urbano,Bustos,50000.000000,TU6789B,0,4340024
330,Rosemarie,Medina,33000.000000,TU6789B,0,4340024
331,Booth,Pino,15000.000000,TU6789B,0,4340024
332,Eden,Palma,18000.000000,TU6789B,0,4340024
333,Cornie,Moreno,15000.000000,TU6789B,0,4340024
334,Isak,Sanhueza,20000.000000,TU6789B,0,4340024
335,Rand,Carvajal,20000.000000,TU6789B,0,4340024
336,Dominique,Navarrete,37000.000000,TU6789B,0,4340024
337,Lira,Sáez,30000.000000,TU6789B,0,4340024
338,Filbert,Alvarado,20000.000000,TU6789B,0,4340024
339,Nona,Donoso,30000.000000,TU6789B,0,4340024
340,Melloney,Poblete,33000.000000,TU6789B,0,4340024
341,Rafaello,Bustamante,37000.000000,TU6789B,0,4340024
342,Floria,Toro,12000.000000,TU6789B,0,4340024
343,Johannes,Ortega,18000.000000,TU6789B,0,4340024
344,Genevra,Venegas,10000.000000,TU6789B,0,4340024
345,Aldric,Guerrero,50000.000000,TU6789B,0,4340024
346,Janeta,Mendoza,10000.000000,TU6789B,0,4340024
347,Tarra,Farías,12000.000000,TU6789B,0,4340024
348,Jefferey,San Martín,33000.000000,TU6789B,0,4340024
349,Cassie,González,50000.000000,TU6789B,0,4340024
350,Maiga,Fernández,20000.000000,TU6789B,0,4340024
351,Heddi,Rodríguez,20000.000000,TU6789B,0,4340024
352,Marieann,López,50000.000000,TU6789B,0,4340024
353,Carita,Martínez,42000.000000,TU6789B,0,4340024
354,Kurtis,Sánchez,50000.000000,TU6789B,0,4340024
355,Wilfred,Pérez,20000.000000,TU6789B,0,4340024
356,Isabelle,Gómez,20000.000000,TU6789B,0,4340024
357,Nisse,Martín,37000.000000,TU6789B,0,4340024
358,Ula,Jiménez,50000.000000,TU6789B,0,4340024
359,Tully,Ruiz,18000.000000,TU6789B,0,4340024
360,Honor,Hernández,30000.000000,TU6789B,0,4340024
361,Sinclair,Díaz,50000.000000,TU6789B,0,4340024
362,Buddy,Moreno,50000.000000,TU6789B,0,4340024
363,Neilla,Álvarez,50000.000000,TU6789B,0,4340024
364,Junie,Muñoz,20000.000000,TU6789B,0,4340024
365,Neely,Romero,20000.000000,TU6789B,0,4340024
366,Klarrisa,Alonso,18000.000000,TU6789B,0,4340024
367,Maryellen,Gutiérrez,37000.000000,TU6789B,0,4340024
368,Clywd,Navarro,33000.000000,TU6789B,0,4340024
369,Deni,Torres,42000.000000,TU6789B,0,4340024
370,Ingrim,Domínguez,30000.000000,TU6789B,0,4340024
371,Franni,Vázquez,42000.000000,TU6789B,0,4340024
372,Andy,Ramos,37000.000000,TU6789B,0,4340024
373,Veronica,González,42000.000000,TU6789B,0,4340024
374,Dalis,Muñoz,42000.000000,TU6789B,0,4340024
375,Nanni,Rojas,25000.000000,BA2491A,0,4272441
376,Vikky,Díaz,15000.000000,BA2491A,0,4272441
377,Hussein,Pérez,25000.000000,BA2491A,0,4272441
378,Brigg,Soto,10000.000000,BA2491A,0,4272441
379,Crawford,Contreras,12000.000000,BA2491A,0,4272441
380,Fran,Silva,30000.000000,BA2491A,0,4272441
381,Silas,Martínez,15000.000000,BA2491A,0,4272441
382,Alister,Sepúlveda,33000.000000,BA2491A,0,4272441
383,George,Morales,15000.000000,TU6789B,0,4340024
384,Nonnah,Rodríguez,25000.000000,TU6789B,0,4340024
385,Gayel,López,20000.000000,TU6789B,0,4340024
386,Demeter,Fuentes,10000.000000,TU6789B,0,4340024
387,Juliann,Hernández,50000.000000,TU6789B,0,4340024
388,Shauna,Torres,25000.000000,TU6789B,0,4340024
389,Anna-maria,Araya,42000.000000,TU6789B,0,4340024
390,Ag,Flores,50000.000000,TU6789B,0,4340024
391,Sherwin,Espinoza,50000.000000,MM0987B,0,4339512
392,Vikki,Valenzuela,33000.000000,MM0987B,0,4339512
393,Barret,Castillo,10000.000000,MM0987B,0,4339512
394,Gaelan,Tapia,25000.000000,MM0987B,0,4339512
395,Livy,Reyes,20000.000000,MM0987B,0,4339512
396,Iorgos,Gutiérrez,18000.000000,MM0987B,0,4339512
397,Charil,Castro,33000.000000,MM0987B,0,4339512
398,Easter,Pizarro,30000.000000,MM0987B,0,4339512
399,Esdras,Álvarez,37000.000000,MM0987B,0,4339512
400,Prince,Vásquez,25000.000000,MM0987B,0,4339512
401,Vail,Sánchez,33000.000000,MM0987B,0,4339512
402,Rachel,Fernández,12000.000000,MM0987B,0,4339512
403,Bar,Ramírez,20000.000000,TU6789B,0,4340024
404,Willa,Carrasco,30000.000000,TU6789B,0,4340024
405,Amerigo,Gómez,33000.000000,TU6789B,0,4340024
406,Fredric,Cortés,50000.000000,TU6789B,0,4340024
407,Mikael,Herrera,50000.000000,TU6789B,0,4340024
408,Benson,Núñez,20000.000000,TU6789B,0,4340024
409,Sileas,Jara,20000.000000,TU6789B,0,4340024
410,Fidelia,Vergara,12000.000000,TU6789B,0,4340024
411,Frayda,Rivera,30000.000000,TU6789B,0,4340024
412,Babita,Figueroa,30000.000000,TU6789B,0,4340024
413,Clair,Riquelme,42000.000000,TU6789B,0,4340024
414,Morie,García,12000.000000,TU6789B,0,4340024
415,Skylar,Miranda,20000.000000,TU6789B,0,4340024
416,Dennie,Bravo,42000.000000,TU6789B,0,4340024
417,Sibley,Vera,20000.000000,TU6789B,0,4340024
418,Addia,Molina,20000.000000,TU6789B,0,4340024
419,Ed,Vega,18000.000000,TU6789B,0,4340024
420,Lothaire,Campos,12000.000000,TU6789B,0,4340024
421,Neila,Sandoval,15000.000000,TU6789B,0,4340024
422,Jennifer,Orellana,15000.000000,GU2345F,0,4601140
423,Keelby,Cárdenas,15000.000000,GU2345F,0,4601140
424,Chuck,Olivares,33000.000000,GU2345F,0,4601140
425,Jordan,Alarcón,33000.000000,GU2345F,0,4601140
426,Minnnie,Gallardo,20000.000000,GU2345F,0,4601140
427,Carine,Ortiz,33000.000000,GU2345F,0,4601140
428,Kelly,Garrido,37000.000000,GU2345F,0,4601140
429,Coleman,Salazar,25000.000000,GU2345F,0,4601140
430,Pincus,Guzmán,42000.000000,GU2345F,0,4601140
431,Smitty,Henríquez,15000.000000,GU2345F,0,4601140
432,Wade,Saavedra,12000.000000,GU2345F,0,4601140
433,Emmit,Navarro,12000.000000,GU2345F,0,4601140
434,Brietta,Aguilera,42000.000000,GU2345F,0,4601140
435,Wesley,Parra,10000.000000,GU2345F,0,4601140
436,Felicdad,Romero,18000.000000,GU2345F,0,4601140
437,Any,Aravena,18000.000000,GU2345F,0,4601140
438,Gardie,Vargas,12000.000000,GU2345F,0,4601140
439,Leelah,Vázquez,25000.000000,GU2345F,0,4601140
440,Garold,Cáceres,20000.000000,GU2345F,0,4601140
441,Regine,Yáñez,10000.000000,GU2345F,0,4601140
442,Tam,Leiva,20000.000000,GU2345F,0,4601140
443,Davon,Escobar,20000.000000,GU2345F,0,4601140
444,Chrissy,Ruiz,18000.000000,GU2345F,0,4601140
445,Ozzie,Valdés,20000.000000,GU2345F,0,4601140
446,Rina,Vidal,20000.000000,GU2345F,0,4601140
447,Guy,Salinas,42000.000000,GU2345F,0,4601140
448,Lenora,Zúñiga,18000.000000,GU2345F,0,4601140
449,Julietta,Peña,42000.000000,GU2345F,0,4601140
450,Alexandr,Godoy,18000.000000,GU2345F,0,4601140
451,Margalit,Lagos,15000.000000,GU2345F,0,4601140
452,Samara,Maldonado,50000.000000,GU2345F,0,4601140
453,Portie,Bustos,15000.000000,GU2345F,0,4601140
454,Korella,Medina,33000.000000,GU2345F,0,4601140
455,Hilly,Pino,30000.000000,GU2345F,0,4601140
456,Leeanne,Palma,10000.000000,GU2345F,0,4601140
457,Arnaldo,Moreno,10000.000000,GU2345F,0,4601140
458,Kassi,Sanhueza,37000.000000,GU2345F,0,4601140
459,Karen,Carvajal,20000.000000,GU2345F,0,4601140
460,Mac,Navarrete,20000.000000,GU2345F,0,4601140
461,Anthia,Sáez,37000.000000,GU2345F,0,4601140
462,Marsiella,Alvarado,20000.000000,GU2345F,0,4601140
463,Shea,Donoso,12000.000000,GU2345F,0,4601140
464,Liana,Poblete,15000.000000,GU2345F,0,4601140
465,Carley,Bustamante,12000.000000,GU2345F,0,4601140
466,Carlye,Toro,37000.000000,GU2345F,0,4601140
467,Svend,Ortega,25000.000000,GU2345F,0,4601140
468,Kendell,Venegas,25000.000000,GU2345F,0,4601140
469,Chrisy,Guerrero,15000.000000,GU2345F,0,4601140
470,Rod,Mendoza,50000.000000,GU2345F,0,4601140
471,Ramsay,Farías,20000.000000,GU2345F,0,4601140
472,Saidee,San Martín,50000.000000,GU2345F,0,4601140
473,Erek,González,10000.000000,GU2345F,0,4601140
474,Salomi,Fernández,10000.000000,GU2345F,0,4601140
475,Coletta,Rodríguez,50000.000000,GU2345F,0,4601140
476,Abigael,López,12000.000000,GU2345F,0,4601140
477,Mariele,Martínez,33000.000000,GU2345F,0,4601140
478,Brooke,Sánchez,20000.000000,GU2345F,0,4601140
479,Benita,Pérez,25000.000000,GU2345F,0,4601140
480,Marissa,Gómez,37000.000000,GU2345F,0,4601140
481,Lionello,Martín,37000.000000,GU2345F,0,4601140
482,Tori,Jiménez,42000.000000,GU2345F,0,4601140
483,Micheil,Ruiz,37000.000000,GU2345F,0,4601140
484,Kym,Hernández,20000.000000,GU2345F,0,4601140
485,Melisse,Díaz,10000.000000,GU2345F,0,4601140
486,Bartholomew,Moreno,33000.000000,GU2345F,0,4601140
487,Rorie,Álvarez,25000.000000,GU2345F,0,4601140
488,Hedvige,Muñoz,37000.000000,GU2345F,0,4601140
489,Dorothea,Romero,15000.000000,GU2345F,0,4601140
490,Tamarah,Alonso,50000.000000,GU2345F,0,4601140
491,Skipton,Gutiérrez,10000.000000,GU2345F,0,4601140
492,Minny,Navarro,33000.000000,GU2345F,0,4601140
493,Joshia,Torres,33000.000000,GU2345F,0,4601140
494,Mirilla,Domínguez,30000.000000,GU2345F,0,4601140
495,Willey,Vázquez,15000.000000,GU2345F,0,4601140
496,Conrado,Ramos,50000.000000,GU2345F,0,4601140
497,Fredia,González,30000.000000,GU2345F,0,4601140
498,Gretchen,Muñoz,12000.000000,GU2345F,0,4601140
499,Bibbie,Rojas,37000.000000,GU2345F,0,4601140
500,Warren,Díaz,25000.000000,GU2345F,0,4601140
501,Gabi,Pérez,30000.000000,GU2345F,0,4601140
502,Callie,Soto,50000.000000,GU2345F,0,4601140
503,Patton,Contreras,15000.000000,GU2345F,0,4601140
504,Karie,Silva,25000.000000,GU2345F,0,4601140
505,Martguerita,Martínez,50000.000000,GU2345F,0,4601140
506,Lothaire,Sepúlveda,20000.000000,GU2345F,0,4601140
507,Patrice,Morales,37000.000000,GU2345F,0,4601140
508,Lin,Rodríguez,12000.000000,MM0987B,0,4339512
509,Cornie,López,42000.000000,MM0987B,0,4339512
510,Irena,Fuentes,20000.000000,MM0987B,0,4339512
511,Markos,Hernández,20000.000000,MM0987B,0,4339512
512,Bird,Torres,18000.000000,MM0987B,0,4339512
513,Lorna,Araya,42000.000000,MM0987B,0,4339512
514,Vincents,Flores,25000.000000,MM0987B,0,4339512
515,Torrey,Espinoza,42000.000000,GU2345F,0,4601140
516,Pernell,Valenzuela,50000.000000,GU2345F,0,4601140
517,Danya,Castillo,25000.000000,GU2345F,0,4601140
518,Erda,Tapia,37000.000000,GU2345F,0,4601140
519,Ethe,Reyes,20000.000000,GU2345F,0,4601140
520,Coop,Gutiérrez,37000.000000,GU2345F,0,4601140
521,Sheridan,Castro,50000.000000,GU2345F,0,4601140
522,Charles,Pizarro,42000.000000,GU2345F,0,4601140
523,Eddy,Álvarez,12000.000000,GU2345F,0,4601140
524,Janey,Vásquez,42000.000000,GU2345F,0,4601140
525,Edan,Sánchez,20000.000000,GU2345F,0,4601140
526,Homer,Fernández,10000.000000,GU2345F,0,4601140
527,Eveline,Ramírez,37000.000000,GU2345F,0,4601140
528,Helen-elizabeth,Carrasco,20000.000000,GU2345F,0,4601140
529,Daveta,Gómez,20000.000000,GU2345F,0,4601140
530,Mort,Cortés,42000.000000,GU2345F,0,4601140
531,Maxi,Herrera,37000.000000,GU2345F,0,4601140
532,Nathalie,Núñez,37000.000000,GU2345F,0,4601140
533,Dennison,Jara,25000.000000,GU2345F,0,4601140
534,Bunnie,Vergara,33000.000000,GU2345F,0,4601140
535,Frans,Rivera,33000.000000,BA2491A,0,4272441
536,Delmar,Figueroa,42000.000000,BA2491A,0,4272441
537,Ced,Riquelme,20000.000000,BA2491A,0,4272441
538,Caren,García,12000.000000,BA2491A,0,4272441
539,Christie,Miranda,18000.000000,BA2491A,0,4272441
540,Saunders,Bravo,25000.000000,BA2491A,0,4272441
541,Deny,Vera,18000.000000,GU2345F,0,4601140
542,Gene,Molina,15000.000000,GU2345F,0,4601140
543,Margeaux,Vega,18000.000000,GU2345F,0,4601140
544,Prisca,Campos,18000.000000,GU2345F,0,4601140
545,Domini,Sandoval,18000.000000,GU2345F,0,4601140
546,Henrie,Orellana,50000.000000,GU2345F,0,4601140
547,Marj,Cárdenas,18000.000000,GU2345F,0,4601140
548,Mab,Olivares,25000.000000,GU2345F,0,4601140
549,Josiah,Alarcón,12000.000000,GU2345F,0,4601140
550,Mathe,Gallardo,12000.000000,GU2345F,0,4601140
551,Gauthier,Ortiz,12000.000000,GU2345F,0,4601140
552,Delmore,Garrido,33000.000000,GU2345F,0,4601140
553,Lynett,Salazar,37000.000000,GU2345F,0,4601140
554,Lucais,Guzmán,42000.000000,GU2345F,0,4601140
555,Clarice,Henríquez,33000.000000,GU2345F,0,4601140
556,Aeriela,Saavedra,37000.000000,GU2345F,0,4601140
557,Babbie,Navarro,15000.000000,GU2345F,0,4601140
558,Caren,Aguilera,15000.000000,GU2345F,0,4601140
559,Jessamine,Parra,18000.000000,GU2345F,0,4601140
560,Hesther,Romero,15000.000000,GU2345F,0,4601140
561,Sasha,Aravena,15000.000000,GU2345F,0,4601140
562,Erica,Vargas,10000.000000,GU2345F,0,4601140
563,Keith,Vázquez,10000.000000,GU2345F,0,4601140
564,Briney,Cáceres,12000.000000,GU2345F,0,4601140
565,Rutherford,Yáñez,15000.000000,GU2345F,0,4601140
566,Lemmie,Leiva,18000.000000,GU2345F,0,4601140
567,Dur,Escobar,25000.000000,GU2345F,0,4601140
568,Modesta,Ruiz,33000.000000,GU2345F,0,4601140
569,Carter,Valdés,33000.000000,GU2345F,0,4601140
570,Retha,Vidal,15000.000000,GU2345F,0,4601140
571,Carma,Salinas,33000.000000,GU2345F,0,4601140
572,Antonella,Zúñiga,15000.000000,GU2345F,0,4601140
573,Sutherlan,Peña,10000.000000,GU2345F,0,4601140
574,Phillipe,Godoy,37000.000000,GU2345F,0,4601140
575,Florida,Lagos,37000.000000,HY4567D,0,4470582
576,Corrina,Maldonado,15000.000000,HY4567D,0,4470582
577,Adrianne,Bustos,10000.000000,HY4567D,0,4470582
578,Scarlett,Medina,20000.000000,HY4567D,0,4470582
579,Shel,Pino,25000.000000,HY4567D,0,4470582
580,Delaney,Palma,50000.000000,HY4567D,0,4470582
581,Tiphani,Moreno,33000.000000,HY4567D,0,4470582
582,Grier,Sanhueza,42000.000000,HY4567D,0,4470582
583,Annabell,Carvajal,15000.000000,HY4567D,0,4470582
584,Basil,Navarrete,12000.000000,HY4567D,0,4470582
585,Horatius,Sáez,18000.000000,HY4567D,0,4470582
586,Umeko,Alvarado,30000.000000,HY4567D,0,4470582
587,Hayes,Donoso,10000.000000,HY4567D,0,4470582
588,Lynnette,Poblete,37000.000000,HY4567D,0,4470582
589,Hesther,Bustamante,33000.000000,HY4567D,0,4470582
590,Trumaine,Toro,15000.000000,HY4567D,0,4470582
591,Emlyn,Ortega,50000.000000,HY4567D,0,4470582
592,Corabelle,Venegas,37000.000000,HY4567D,0,4470582
593,Vic,Guerrero,25000.000000,HY4567D,0,4470582
594,Cyndia,Mendoza,33000.000000,HY4567D,0,4470582
595,Gray,Farías,42000.000000,HY4567D,0,4470582
596,Dylan,San Martín,30000.000000,HY4567D,0,4470582
597,Isabelle,González,20000.000000,HY4567D,0,4470582
598,Eachelle,Fernández,37000.000000,HY4567D,0,4470582
599,Howard,Rodríguez,18000.000000,HY4567D,0,4470582
600,Cornall,López,18000.000000,HY4567D,0,4470582
601,Emmalee,Martínez,18000.000000,HY4567D,0,4470582
602,Brian,Sánchez,20000.000000,HY4567D,0,4470582
603,Cahra,Pérez,50000.000000,HY4567D,0,4470582
604,Arvin,Gómez,50000.000000,HY4567D,0,4470582
605,Minda,Martín,15000.000000,HY4567D,0,4470582
606,Dedie,Jiménez,33000.000000,HY4567D,0,4470582
607,Lydia,Ruiz,15000.000000,HY4567D,0,4470582
608,Joshia,Hernández,25000.000000,HY4567D,0,4470582
609,Bernita,Díaz,15000.000000,HY4567D,0,4470582
610,Sayre,Moreno,33000.000000,HY4567D,0,4470582
611,Pearla,Álvarez,20000.000000,HY4567D,0,4470582
612,Fidole,Muñoz,30000.000000,HY4567D,0,4470582
613,Evin,Romero,12000.000000,HY4567D,0,4470582
614,Fredia,Alonso,20000.000000,HY4567D,0,4470582
615,Idalina,Gutiérrez,50000.000000,HY4567D,0,4470582
616,Hetti,Navarro,30000.000000,HY4567D,0,4470582
617,Kirk,Torres,30000.000000,HY4567D,0,4470582
618,Orson,Domínguez,25000.000000,HY4567D,0,4470582
619,Lyndsay,Vázquez,42000.000000,HY4567D,0,4470582
620,Lissy,Ramos,37000.000000,HY4567D,0,4470582
621,Odessa,González,50000.000000,HY4567D,0,4470582
622,Hestia,Muñoz,18000.000000,HY4567D,0,4470582
623,Dorotea,Rojas,10000.000000,HY4567D,0,4470582
624,Giraud,Díaz,15000.000000,HY4567D,0,4470582
625,Tonya,Pérez,37000.000000,HY4567D,0,4470582
626,Menard,Soto,37000.000000,HY4567D,0,4470582
627,Nicola,Contreras,12000.000000,HY4567D,0,4470582
628,Maddy,Silva,25000.000000,HY4567D,0,4470582
629,Mace,Martínez,18000.000000,HY4567D,0,4470582
630,Lyndy,Sepúlveda,37000.000000,HY4567D,0,4470582
631,Ivonne,Morales,20000.000000,HY4567D,0,4470582
632,Josepha,Rodríguez,20000.000000,HY4567D,0,4470582
633,Shandra,López,50000.000000,HY4567D,0,4470582
634,Viva,Fuentes,25000.000000,HY4567D,0,4470582
635,Sherwin,Hernández,10000.000000,HY4567D,0,4470582
636,Abigail,Torres,18000.000000,HY4567D,0,4470582
637,Rosalia,Araya,18000.000000,HY4567D,0,4470582
638,Merissa,Flores,25000.000000,HY4567D,0,4470582
639,Marylee,Espinoza,50000.000000,HY4567D,0,4470582
640,Wolfy,Valenzuela,33000.000000,HY4567D,0,4470582
641,Maia,Castillo,10000.000000,HY4567D,0,4470582
642,Elinor,Tapia,33000.000000,HY4567D,0,4470582
643,Neron,Reyes,42000.000000,HY4567D,0,4470582
644,Malachi,Gutiérrez,25000.000000,HY4567D,0,4470582
645,Sarajane,Castro,10000.000000,HY4567D,0,4470582
646,Arlie,Pizarro,42000.000000,HY4567D,0,4470582
647,Felike,Álvarez,12000.000000,HY4567D,0,4470582
648,Ethan,Vásquez,12000.000000,HY4567D,0,4470582
649,Ruthy,Sánchez,20000.000000,HY4567D,0,4470582
650,Hugo,Fernández,30000.000000,HY4567D,0,4470582
651,Thorndike,Ramírez,10000.000000,HY4567D,0,4470582
652,Cesaro,Carrasco,30000.000000,HY4567D,0,4470582
653,Harmonia,Gómez,12000.000000,HY4567D,0,4470582
654,Damara,Cortés,12000.000000,HY4567D,0,4470582
655,Maddy,Herrera,25000.000000,HY4567D,0,4470582
656,Filmer,Núñez,50000.000000,HY4567D,0,4470582
657,Boothe,Jara,12000.000000,HY4567D,0,4470582
658,Dorrie,Vergara,42000.000000,HY4567D,0,4470582
659,Willdon,Rivera,10000.000000,HY4567D,0,4470582
660,Cindi,Figueroa,12000.000000,HY4567D,0,4470582
661,Shermie,Riquelme,12000.000000,HY4567D,0,4470582
662,Byrom,García,42000.000000,HY4567D,0,4470582
663,Millie,Miranda,15000.000000,HY4567D,0,4470582
664,Natassia,Bravo,42000.000000,HY4567D,0,4470582
665,Wheeler,Vera,25000.000000,HY4567D,0,4470582
666,Caritta,Molina,12000.000000,HY4567D,0,4470582
667,Kennan,Vega,12000.000000,HY4567D,0,4470582
668,Katina,Campos,20000.000000,HY4567D,0,4470582
669,Beverlee,Sandoval,25000.000000,HY4567D,0,4470582
670,Arlette,Orellana,30000.000000,HY4567D,0,4470582
671,Jacqueline,Cárdenas,50000.000000,HY4567D,0,4470582
672,Sheila-kathryn,Olivares,10000.000000,HY4567D,0,4470582
673,Lambert,Alarcón,42000.000000,HY4567D,0,4470582
674,Lamont,Gallardo,33000.000000,HY4567D,0,4470582
675,Immanuel,Ortiz,33000.000000,HY4567D,0,4470582
676,Nani,Garrido,50000.000000,HY4567D,0,4470582
677,Galen,Salazar,50000.000000,HY4567D,0,4470582
678,Nilson,Guzmán,10000.000000,HY4567D,0,4470582
679,Tomi,Henríquez,50000.000000,HY4567D,0,4470582
680,Flore,Saavedra,30000.000000,HY4567D,0,4470582
681,Burgess,Navarro,12000.000000,HY4567D,0,4470582
682,Tally,Aguilera,42000.000000,HY4567D,0,4470582
683,Jaquenette,Parra,25000.000000,HY4567D,0,4470582
684,Sly,Romero,42000.000000,HY4567D,0,4470582
685,Yul,Aravena,30000.000000,HY4567D,0,4470582
686,Rosalyn,Vargas,37000.000000,HY4567D,0,4470582
687,Devondra,Vázquez,10000.000000,HY4567D,0,4470582
688,Xenos,Cáceres,37000.000000,HY4567D,0,4470582
689,Terrence,Yáñez,42000.000000,HY4567D,0,4470582
690,Krystyna,Leiva,50000.000000,HY4567D,0,4470582
691,Krishna,Escobar,50000.000000,HY4567D,0,4470582
692,Zorina,Ruiz,18000.000000,HY4567D,0,4470582
693,Baxy,Valdés,20000.000000,HY4567D,0,4470582
694,Terrie,Vidal,42000.000000,HY4567D,0,4470582
695,Justino,Salinas,18000.000000,HY4567D,0,4470582
696,Erhard,Zúñiga,33000.000000,HY4567D,0,4470582
697,Robbie,Peña,30000.000000,HY4567D,0,4470582
698,Paddie,Godoy,33000.000000,HY4567D,0,4470582
699,Evelyn,Lagos,10000.000000,HY4567D,0,4470582
700,Abbot,Maldonado,33000.000000,HY4567D,0,4470582
701,Tedra,Bustos,33000.000000,HY4567D,0,4470582
702,Rikki,Medina,12000.000000,HY4567D,0,4470582
703,Alverta,Pino,25000.000000,HY4567D,0,4470582
704,Pauly,Palma,30000.000000,HY4567D,0,4470582
705,Ariella,Moreno,12000.000000,HY4567D,0,4470582
706,Lia,Sanhueza,20000.000000,HY4567D,0,4470582
707,Petronille,Carvajal,42000.000000,HY4567D,0,4470582
708,Merle,Navarrete,10000.000000,HY4567D,0,4470582
709,Hagan,Sáez,50000.000000,HY4567D,0,4470582
710,Nikolaus,Alvarado,30000.000000,HY4567D,0,4470582
711,Cinda,Donoso,42000.000000,HY4567D,0,4470582
712,Matelda,Poblete,18000.000000,HY4567D,0,4470582
713,Roslyn,Bustamante,25000.000000,HY4567D,0,4470582
714,Jerrylee,Toro,10000.000000,HY4567D,0,4470582
715,Lucky,Ortega,42000.000000,IB0800A,0,4272176
716,Elita,Venegas,18000.000000,IB0800A,0,4272176
717,Hyacinthia,Guerrero,25000.000000,IB0800A,0,4272176
718,Fina,Mendoza,42000.000000,IB0800A,0,4272176
719,Kamila,Farías,42000.000000,IB0800A,0,4272176
720,Jennie,San Martín,42000.000000,IB0800A,0,4272176
721,Riobard,González,42000.000000,IB0800A,0,4272176
722,Joannes,Fernández,10000.000000,IB0800A,0,4272176
723,Darlene,Rodríguez,42000.000000,IB0800A,0,4272176
724,Zia,López,42000.000000,IB0800A,0,4272176
725,Cristina,Martínez,15000.000000,IB0800A,0,4272176
726,Jonathon,Sánchez,50000.000000,IB0800A,0,4272176
727,Rickie,Pérez,42000.000000,IB0800A,0,4272176
728,Klara,Gómez,50000.000000,IB0800A,0,4272176
729,Osbert,Martín,33000.000000,IB0800A,0,4272176
730,Emmet,Jiménez,37000.000000,IB0800A,0,4272176
731,Cassandry,Ruiz,33000.000000,IB0800A,0,4272176
732,Enrica,Hernández,18000.000000,IB0800A,0,4272176
733,Evvy,Díaz,42000.000000,IB0800A,0,4272176
734,Silas,Moreno,20000.000000,IB0800A,0,4272176
735,Kaia,Álvarez,25000.000000,IB0800A,0,4272176
736,Arvie,Muñoz,15000.000000,IB0800A,0,4272176
737,Keith,Romero,20000.000000,FR5678G,0,4667447
738,Silvie,Alonso,12000.000000,FR5678G,0,4667447
739,Winnifred,Gutiérrez,10000.000000,FR5678G,0,4667447
740,Chen,Navarro,37000.000000,FR5678G,0,4667447
741,Carleton,Torres,15000.000000,FR5678G,0,4667447
742,Silvano,Domínguez,12000.000000,FR5678G,0,4667447
743,Pancho,Vázquez,18000.000000,FR5678G,0,4667447
744,Melonie,Ramos,33000.000000,FR5678G,0,4667447
745,Gordon,González,12000.000000,FR5678G,0,4667447
746,Rosemarie,Muñoz,10000.000000,FR5678G,0,4667447
747,Graehme,Rojas,18000.000000,FR5678G,0,4667447
748,Mitchael,Díaz,33000.000000,FR5678G,0,4667447
749,Carola,Pérez,10000.000000,FR5678G,0,4667447
750,Zsa zsa,Soto,20000.000000,FR5678G,0,4667447
751,Jude,Contreras,12000.000000,FR5678G,0,4667447
752,Arch,Silva,33000.000000,FR5678G,0,4667447
753,Andrej,Martínez,50000.000000,FR5678G,0,4667447
754,Amber,Sepúlveda,42000.000000,FR5678G,0,4667447
755,Dorian,Morales,15000.000000,FR5678G,0,4667447
756,Kaitlynn,Rodríguez,15000.000000,FR5678G,0,4667447
757,Kerianne,López,37000.000000,FR5678G,0,4667447
758,Boycie,Fuentes,18000.000000,FR5678G,0,4667447
759,Nanete,Hernández,37000.000000,FR5678G,0,4667447
760,Sidonia,Torres,10000.000000,FR5678G,0,4667447
761,Galvan,Araya,33000.000000,FR5678G,0,4667447
762,Lucienne,Flores,25000.000000,FR5678G,0,4667447
763,Davidson,Espinoza,37000.000000,FR5678G,0,4667447
764,Roslyn,Valenzuela,10000.000000,FR5678G,0,4667447
765,Jenny,Castillo,33000.000000,FR5678G,0,4667447
766,Toby,Tapia,20000.000000,FR5678G,0,4667447
767,Brynne,Reyes,18000.000000,FR5678G,0,4667447
768,Blakeley,Gutiérrez,18000.000000,FR5678G,0,4667447
769,Egan,Castro,10000.000000,FR5678G,0,4667447
770,Barbey,Pizarro,20000.000000,FR5678G,0,4667447
771,Portia,Álvarez,33000.000000,FR5678G,0,4667447
772,Alica,Vásquez,37000.000000,FR5678G,0,4667447
773,Juliana,Sánchez,50000.000000,FR5678G,0,4667447
774,Barde,Fernández,18000.000000,FR5678G,0,4667447
775,Wilie,Ramírez,30000.000000,FR5678G,0,4667447
776,Letta,Carrasco,10000.000000,FR5678G,0,4667447
777,Ree,Gómez,42000.000000,FR5678G,0,4667447
778,Ingmar,Cortés,18000.000000,FR5678G,0,4667447
779,Melva,Herrera,42000.000000,FR5678G,0,4667447
780,Tootsie,Núñez,25000.000000,FR5678G,0,4667447
781,Felike,Jara,33000.000000,FR5678G,0,4667447
782,Laughton,Vergara,15000.000000,FR5678G,0,4667447
783,Crosby,Rivera,12000.000000,FR5678G,0,4667447
784,Marianne,Figueroa,33000.000000,FR5678G,0,4667447
785,Francine,Riquelme,42000.000000,FR5678G,0,4667447
786,Edan,García,50000.000000,FR5678G,0,4667447
787,Fayre,Miranda,18000.000000,FR5678G,0,4667447
788,Adelaida,Bravo,37000.000000,FR5678G,0,4667447
789,Florella,Vera,25000.000000,FR5678G,0,4667447
790,Noll,Molina,30000.000000,FR5678G,0,4667447
791,Ki,Vega,42000.000000,FR5678G,0,4667447
792,Jermayne,Campos,33000.000000,FR5678G,0,4667447
793,Grayce,Sandoval,33000.000000,FR5678G,0,4667447
794,Harv,Orellana,42000.000000,FR5678G,0,4667447
795,Lorianna,Cárdenas,15000.000000,FR5678G,0,4667447
796,Hersh,Olivares,33000.000000,FR5678G,0,4667447
797,Diahann,Alarcón,33000.000000,FR5678G,0,4667447
798,Yelena,Gallardo,50000.000000,FR5678G,0,4667447
799,Emmaline,Ortiz,37000.000000,FR5678G,0,4667447
800,Daffi,Garrido,12000.000000,FR5678G,0,4667447
801,Janine,Salazar,50000.000000,FR5678G,0,4667447
802,Sheilah,Guzmán,42000.000000,FR5678G,0,4667447
803,Lazaro,Henríquez,10000.000000,FR5678G,0,4667447
804,Earle,Saavedra,30000.000000,FR5678G,0,4667447
805,Fred,Navarro,25000.000000,FR5678G,0,4667447
806,Almira,Aguilera,42000.000000,FR5678G,0,4667447
807,Wini,Parra,37000.000000,FR5678G,0,4667447
808,Emanuel,Romero,30000.000000,FR5678G,0,4667447
809,Obadias,Aravena,10000.000000,FR5678G,0,4667447
810,Efrem,Vargas,20000.000000,FR5678G,0,4667447
811,Susi,Vázquez,18000.000000,FR5678G,0,4667447
812,Maxy,Cáceres,15000.000000,FR5678G,0,4667447
813,Agnes,Yáñez,42000.000000,FR5678G,0,4667447
814,Obadiah,Leiva,12000.000000,FR5678G,0,4667447
815,Lefty,Escobar,50000.000000,FR5678G,0,4667447
816,Michele,Ruiz,42000.000000,FR5678G,0,4667447
817,Cynthia,Valdés,25000.000000,FR5678G,0,4667447
818,Hyatt,Vidal,20000.000000,FR5678G,0,4667447
819,Roch,Salinas,33000.000000,FR5678G,0,4667447
820,Mag,Zúñiga,12000.000000,FR5678G,0,4667447
821,Trevor,Peña,10000.000000,FR5678G,0,4667447
822,Jefferey,Godoy,10000.000000,FR5678G,0,4667447
823,Tania,Lagos,42000.000000,FR5678G,0,4667447
824,Mercie,Maldonado,42000.000000,FR5678G,0,4667447
825,Andrei,Bustos,10000.000000,FR5678G,0,4667447
826,Yetta,Medina,25000.000000,FR5678G,0,4667447
827,Angeli,Pino,20000.000000,FR5678G,0,4667447
828,Norbert,Palma,20000.000000,FR5678G,0,4667447
829,Conan,Moreno,20000.000000,FR5678G,0,4667447
830,Cale,Sanhueza,50000.000000,FR5678G,0,4667447
831,Christina,Carvajal,37000.000000,FR5678G,0,4667447
832,Olivier,Navarrete,20000.000000,FR5678G,0,4667447
833,Oby,Sáez,12000.000000,FR5678G,0,4667447
834,Chad,Alvarado,15000.000000,FR5678G,0,4667447
835,Adelle,Donoso,10000.000000,FR5678G,0,4667447
836,Keene,Poblete,25000.000000,FR5678G,0,4667447
837,Corrina,Bustamante,50000.000000,FR5678G,0,4667447
838,Hashim,Toro,50000.000000,FR5678G,0,4667447
839,Oralia,Ortega,10000.000000,FR5678G,0,4667447
840,Wadsworth,Venegas,30000.000000,FR5678G,0,4667447
841,Shelley,Guerrero,15000.000000,FR5678G,0,4667447
842,Irv,Mendoza,15000.000000,FR5678G,0,4667447
843,Grant,Farías,33000.000000,FR5678G,0,4667447
844,Bella,San Martín,18000.000000,FR5678G,0,4667447
845,Yardley,González,50000.000000,FR5678G,0,4667447
846,Brendin,Fernández,10000.000000,FR5678G,0,4667447
847,Estella,Rodríguez,42000.000000,FR5678G,0,4667447
848,Rasia,López,37000.000000,FR5678G,0,4667447
849,Gibb,Martínez,20000.000000,FR5678G,0,4667447
850,Amanda,Sánchez,37000.000000,FR5678G,0,4667447
851,Sidoney,Pérez,20000.000000,FR5678G,0,4667447
852,Giacopo,Gómez,18000.000000,FR5678G,0,4667447
853,Eve,Martín,12000.000000,FR5678G,0,4667447
854,Levon,Jiménez,25000.000000,FR5678G,0,4667447
855,Vassili,Ruiz,33000.000000,FR5678G,0,4667447
856,Henrieta,Hernández,30000.000000,FR5678G,0,4667447
857,Devlen,Díaz,37000.000000,FR5678G,0,4667447
858,Ophelie,Moreno,37000.000000,FR5678G,0,4667447
859,Abramo,Álvarez,37000.000000,FR5678G,0,4667447
860,Fair,Muñoz,37000.000000,FR5678G,0,4667447
861,Pietrek,Romero,25000.000000,FR5678G,0,4667447
862,Holden,Alonso,50000.000000,FR5678G,0,4667447
863,Cherish,Gutiérrez,42000.000000,FR5678G,0,4667447
864,Alonzo,Navarro,12000.000000,FR5678G,0,4667447
865,Devonna,Torres,18000.000000,FR5678G,0,4667447
866,Rubi,Domínguez,18000.000000,FR5678G,0,4667447
867,Emmanuel,Vázquez,30000.000000,FR5678G,0,4667447
868,Trumaine,Ramos,42000.000000,FR5678G,0,4667447
869,Malory,González,42000.000000,FR5678G,0,4667447
870,Pearla,Muñoz,33000.000000,FR5678G,0,4667447
871,Phelia,Rojas,33000.000000,FR5678G,0,4667447
872,Madonna,Díaz,10000.000000,FR5678G,0,4667447
873,Thomasa,Pérez,18000.000000,FR5678G,0,4667447
874,Estella,Soto,20000.000000,FR5678G,0,4667447
875,Saw,Contreras,15000.000000,FR5678G,0,4667447
876,Cecil,Silva,37000.000000,FR5678G,0,4667447
877,Mac,Martínez,25000.000000,FR5678G,0,4667447
878,Ralf,Sepúlveda,12000.000000,FR5678G,0,4667447
879,Barbey,Morales,12000.000000,FR5678G,0,4667447
880,Josi,Rodríguez,18000.000000,FR5678G,0,4667447
881,Kenna,López,25000.000000,FR5678G,0,4667447
882,Rina,Fuentes,25000.000000,FR5678G,0,4667447
883,Callida,Hernández,33000.000000,FR5678G,0,4667447
884,Lona,Torres,30000.000000,FR5678G,0,4667447
885,Jan,Araya,18000.000000,FR5678G,0,4667447
886,Bailey,Flores,30000.000000,FR5678G,0,4667447
887,Guillermo,Espinoza,42000.000000,FR5678G,0,4667447
888,Katlin,Valenzuela,25000.000000,FR5678G,0,4667447
889,Flo,Castillo,42000.000000,FR5678G,0,4667447
890,Madel,Tapia,12000.000000,FR5678G,0,4667447
891,Conant,Reyes,37000.000000,FR5678G,0,4667447
892,Devland,Gutiérrez,10000.000000,FR5678G,0,4667447
893,Annamarie,Castro,20000.000000,FR5678G,0,4667447
894,Gabbie,Pizarro,42000.000000,FR5678G,0,4667447
895,Frasquito,Álvarez,15000.000000,FR5678G,0,4667447
896,Oberon,Vásquez,15000.000000,FR5678G,0,4667447
897,Gabriell,Sánchez,10000.000000,FR5678G,0,4667447
898,Ki,Fernández,30000.000000,BR3456J,0,4863541
899,Martelle,Ramírez,15000.000000,BR3456J,0,4863541
900,Riccardo,Carrasco,42000.000000,BR3456J,0,4863541
901,Shaughn,Gómez,50000.000000,BR3456J,0,4863541
902,Coral,Cortés,18000.000000,BR3456J,0,4863541
903,Judas,Herrera,10000.000000,BR3456J,0,4863541
904,Josiah,Núñez,12000.000000,BR3456J,0,4863541
905,Freda,Jara,42000.000000,BR3456J,0,4863541
906,Lynn,Vergara,37000.000000,BR3456J,0,4863541
907,Tabb,Rivera,50000.000000,BR3456J,0,4863541
908,Brittany,Figueroa,18000.000000,MM0987B,0,4339512
909,Leo,Riquelme,42000.000000,MM0987B,0,4339512
910,Atlante,García,33000.000000,MM0987B,0,4339512
911,Maurie,Miranda,50000.000000,MM0987B,0,4339512
912,Oren,Bravo,20000.000000,MM0987B,0,4339512
913,Anetta,Vera,10000.000000,MM0987B,0,4339512
914,Curry,Molina,20000.000000,MM0987B,0,4339512
915,Tyrone,Vega,15000.000000,MM0987B,0,4339512
916,Saunder,Campos,37000.000000,MM0987B,0,4339512
917,Luis,Sandoval,12000.000000,MM0987B,0,4339512
918,Alysia,Orellana,37000.000000,MM0987B,0,4339512
919,Calypso,Cárdenas,12000.000000,BR3456J,0,4863541
920,Gretna,Olivares,42000.000000,BR3456J,0,4863541
921,Odie,Alarcón,20000.000000,BR3456J,0,4863541
922,Wenda,Gallardo,12000.000000,BR3456J,0,4863541
923,Ezekiel,Ortiz,20000.000000,BR3456J,0,4863541
924,Orlan,Garrido,25000.000000,BR3456J,0,4863541
925,Wittie,Salazar,37000.000000,BR3456J,0,4863541
926,Abbie,Guzmán,18000.000000,BR3456J,0,4863541
927,Robinia,Henríquez,10000.000000,BR3456J,0,4863541
928,Hayden,Saavedra,30000.000000,BR3456J,0,4863541
929,Melody,Navarro,20000.000000,BR3456J,0,4863541
930,Emory,Aguilera,37000.000000,BR3456J,0,4863541
931,Callie,Parra,10000.000000,BR3456J,0,4863541
932,Debby,Romero,18000.000000,IB0800A,0,4272176
933,Gui,Aravena,20000.000000,IB0800A,0,4272176
934,Dorette,Vargas,37000.000000,IB0800A,0,4272176
935,Jillane,Vázquez,37000.000000,IB0800A,0,4272176
936,Carolina,Cáceres,33000.000000,IB0800A,0,4272176
937,Randy,Yáñez,15000.000000,IB0800A,0,4272176
938,Arabel,Leiva,50000.000000,IB0800A,0,4272176
939,Verina,Escobar,37000.000000,IB0800A,0,4272176
940,Josefina,Ruiz,30000.000000,IB0800A,0,4272176
941,Nina,Valdés,25000.000000,IB0800A,0,4272176
942,Vernen,Vidal,18000.000000,IB0800A,0,4272176
943,Loria,Salinas,25000.000000,IB0800A,0,4272176
944,Isabeau,Zúñiga,37000.000000,BA2491A,0,4272441
945,Cherice,Peña,15000.000000,BR3456J,0,4863541
946,Kimberley,Godoy,18000.000000,BR3456J,0,4863541
947,Martyn,Lagos,25000.000000,BR3456J,0,4863541
948,Agustin,Maldonado,25000.000000,BR3456J,0,4863541
949,Clerissa,Bustos,15000.000000,BR3456J,0,4863541
950,Lonna,Medina,10000.000000,BR3456J,0,4863541
951,Wake,Pino,25000.000000,BR3456J,0,4863541
952,Edwina,Palma,42000.000000,MM0987B,0,4339512
953,Lacey,Moreno,50000.000000,MM0987B,0,4339512
954,Laetitia,Sanhueza,33000.000000,MM0987B,0,4339512
955,Delila,Carvajal,20000.000000,MM0987B,0,4339512
956,Sioux,Navarrete,12000.000000,MM0987B,0,4339512
957,Floyd,Sáez,15000.000000,MM0987B,0,4339512
958,Trista,Alvarado,50000.000000,BR3456J,0,4863541
959,Shaughn,Donoso,15000.000000,BR3456J,0,4863541
960,Zitella,Poblete,42000.000000,BR3456J,0,4863541
961,Ginnie,Bustamante,15000.000000,BR3456J,0,4863541
962,Burty,Toro,12000.000000,BR3456J,0,4863541
963,Arley,Ortega,33000.000000,BR3456J,0,4863541
964,Ansley,Venegas,37000.000000,BR3456J,0,4863541
965,Kirstin,Guerrero,12000.000000,BR3456J,0,4863541
966,Karon,Mendoza,10000.000000,BR3456J,0,4863541
967,Esme,Farías,37000.000000,BR3456J,0,4863541
968,Berenice,San Martín,10000.000000,IB0800A,0,4272176
969,Charlie,González,50000.000000,IB0800A,0,4272176
970,Noach,Fernández,12000.000000,IB0800A,0,4272176
971,Mercedes,Rodríguez,12000.000000,IB0800A,0,4272176
972,Sloan,López,42000.000000,IB0800A,0,4272176
973,Guglielma,Martínez,15000.000000,IB0800A,0,4272176
974,Herrick,Sánchez,30000.000000,IB0800A,0,4272176
975,Aleksandr,Pérez,42000.000000,IB0800A,0,4272176
976,Arlina,Gómez,33000.000000,IB0800A,0,4272176
977,Wenonah,Martín,12000.000000,IB0800A,0,4272176
978,Warner,Jiménez,30000.000000,IB0800A,0,4272176
979,Libbey,Ruiz,42000.000000,BA2491A,0,4272441
980,Brana,Hernández,10000.000000,BA2491A,0,4272441
981,Genevieve,Díaz,20000.000000,BA2491A,0,4272441
982,Sharai,Moreno,10000.000000,BA2491A,0,4272441
983,Josi,Álvarez,12000.000000,BA2491A,0,4272441
984,Pebrook,Muñoz,33000.000000,BA2491A,0,4272441
985,Erna,Romero,33000.000000,BA2491A,0,4272441
986,Ferd,Alonso,25000.000000,BA2491A,0,4272441
987,Mohammed,Gutiérrez,42000.000000,BA2491A,0,4272441
988,Dawn,Navarro,37000.000000,BA2491A,0,4272441
989,Wandie,Torres,25000.000000,BA2491A,0,4272441
990,Chiarra,Domínguez,18000.000000,MM0987B,0,4339512
991,Zaccaria,Vázquez,33000.000000,MM0987B,0,4339512
992,Trenna,Ramos,10000.000000,MM0987B,0,4339512
993,Angelia,Moreno,50000.000000,MM0987B,0,4339512
994,Raquela,Álvarez,12000.000000,MM0987B,0,4339512
995,Maxi,Muñoz,18000.000000,MM0987B,0,4339512
996,Atalanta,Romero,37000.000000,MM0987B,0,4339512
997,De witt,Alonso,12000.000000,MM0987B,0,4339512
998,Jaye,Gutiérrez,25000.000000,MM0987B,0,4339512
999,Tamarra,Navarro,15000.000000,MM0987B,0,4339512
1000,Saleem,Torres,20000.000000,MM0987B,0,4339512
